[
    {
        "id": 0,
        "name": "Shella Mango",
        "email": "hilde.gabor@physcone.com",
        "student": "Gayla Montesquieu"
    },
    {
        "id": 1,
        "name": "Judie Lubin",
        "email": "hilde.fredexric@good-zoom.com",
        "student": "Rosalina Vetrovs"
    },
    {
        "id": 2,
        "name": "Brittaney Carder",
        "email": "sandee.vittadini@kintech.com",
        "student": "Deidre Philips"
    },
    {
        "id": 3,
        "name": "Alex Franci",
        "email": "esther.corgain@physcone.com",
        "student": "Rosalina Glover"
    },
    {
        "id": 4,
        "name": "Earnestine Korsgaard",
        "email": "nadia.seheult@doublelab.com",
        "student": "Claudio Schleifer"
    },
    {
        "id": 5,
        "name": "Denice Franci",
        "email": "franchesca.pindar@gravejob.com",
        "student": "Esther Pieraccini"
    },
    {
        "id": 6,
        "name": "Deidre Schleifer",
        "email": "marcela.bickmore@gravejob.com",
        "student": "Georgetta Margaitis"
    },
    {
        "id": 7,
        "name": "Ona Margaitis",
        "email": "jennie.sheahan@j-find.com",
        "student": "Lottie Casteris"
    },
    {
        "id": 8,
        "name": "Georgetta Corgain",
        "email": "anabel.litwin@grooveholding.com",
        "student": "Gayla Pindar"
    },
    {
        "id": 9,
        "name": "Mindi Prichard",
        "email": "emmitt.levin@zooelectrics.com",
        "student": "Nadia Montesquieu"
    },
    {
        "id": 10,
        "name": "Sandee Schleifer",
        "email": "cordell.perali@beta-taxon.com",
        "student": "Jerold Seheult"
    },
    {
        "id": 11,
        "name": "Alex Casteris",
        "email": "marylouise.lomeli@keyelectrics.com",
        "student": "Claudio Casteris"
    },
    {
        "id": 12,
        "name": "Vincent Lipshutz",
        "email": "harriet.reid-cunningham@zaamtechno.com",
        "student": "Rebeca Afzal-khan"
    },
    {
        "id": 13,
        "name": "Claudio Kinnaman",
        "email": "shaunda.montesquieu@zoozooplus.com",
        "student": "Earnestine Fredexric"
    },
    {
        "id": 14,
        "name": "Ona Schickele",
        "email": "yuko.wacquant@truetam.com",
        "student": "Earnestine Pieraccini"
    },
    {
        "id": 15,
        "name": "Concetta Kinnaman",
        "email": "rene.reid-cunningham@tantech.com",
        "student": "Celestina Hurd"
    },
    {
        "id": 16,
        "name": "Lottie Wacquant",
        "email": "lottie.lubin@vivaholding.com",
        "student": "Claudio Torff"
    },
    {
        "id": 17,
        "name": "Lottie Bator",
        "email": "harriet.prichard@soloity.com",
        "student": "Elizbeth Lipshutz"
    },
    {
        "id": 18,
        "name": "Earnestine Lubin",
        "email": "sheri.perali@good-zoom.com",
        "student": "Laci Mango"
    },
    {
        "id": 19,
        "name": "Celestina Daboni",
        "email": "emmitt.sheahan@hare-comics.com",
        "student": "Minnie Bhide"
    },
    {
        "id": 20,
        "name": "Shaunda Pindar",
        "email": "jennie.st martin@howranfase.com",
        "student": "Emmitt Schleifer"
    },
    {
        "id": 21,
        "name": "Elizbeth Carder",
        "email": "earline.corgain@ranktrans.com",
        "student": "Elizbeth St martin"
    },
    {
        "id": 22,
        "name": "Franchesca Vittadini",
        "email": "hilde.margaitis@fasela.com",
        "student": "Cordell St martin"
    },
    {
        "id": 23,
        "name": "Dulcie Chiogna",
        "email": "rosalina.bator@hare-comics.com",
        "student": "Celestina Gabor"
    },
    {
        "id": 24,
        "name": "Hilde Landenna",
        "email": "rosalina.torff@quadtech.com",
        "student": "Nadia Schleifer"
    },
    {
        "id": 25,
        "name": "Nadia Torff",
        "email": "ona.gabor@finjocane.com",
        "student": "Theo Korsgaard"
    },
    {
        "id": 26,
        "name": "Sandee Bickmore",
        "email": "georgetta.bhide@tonruntone.com",
        "student": "Laci Wegman"
    },
    {
        "id": 27,
        "name": "Anabel Sewall",
        "email": "brittaney.mango@hare-comics.com",
        "student": "Nadia Montesquieu"
    },
    {
        "id": 28,
        "name": "Rosalina Franci",
        "email": "sandee.philips@beta-taxon.com",
        "student": "Marcela Lipshutz"
    },
    {
        "id": 29,
        "name": "Cordell Bhide",
        "email": "elizbeth.schleifer@vivaholding.com",
        "student": "Marylouise Sewall"
    },
    {
        "id": 30,
        "name": "Yuko Pesarin",
        "email": "jerold.gabor@zimhattech.com",
        "student": "Gayla Gabor"
    },
    {
        "id": 31,
        "name": "Jaleesa Dongoski",
        "email": "yuko.pindar@gravejob.com",
        "student": "Hilde Vetrovs"
    },
    {
        "id": 32,
        "name": "Lottie Fredexric",
        "email": "georgetta.bator@donfase.com",
        "student": "Jerold Prichard"
    },
    {
        "id": 33,
        "name": "Jaleesa St martin",
        "email": "ona.cichon@y-dom.com",
        "student": "Minnie Glover"
    },
    {
        "id": 34,
        "name": "Marcela Corgain",
        "email": "shaunda.gabor@y-com.com",
        "student": "Rowena Gabor"
    },
    {
        "id": 35,
        "name": "Esther Chiogna",
        "email": "alex.isome@tantech.com",
        "student": "Franchesca Pieraccini"
    },
    {
        "id": 36,
        "name": "Marcela Litwin",
        "email": "vincent.schleifer@j-find.com",
        "student": "Harriet Pesarin"
    },
    {
        "id": 37,
        "name": "Rowena Bator",
        "email": "sheri.perali@j-find.com",
        "student": "Judie Stanton"
    },
    {
        "id": 38,
        "name": "Felicitas Sheahan",
        "email": "rowena.chiogna@tantech.com",
        "student": "Mindi Neilson"
    },
    {
        "id": 39,
        "name": "Casandra Stanton",
        "email": "felicitas.corgain@unala.com",
        "student": "Rebeca Seheult"
    },
    {
        "id": 40,
        "name": "Sandee Vittadini",
        "email": "rosalina.franci@grooveholding.com",
        "student": "Earnestine Perali"
    },
    {
        "id": 41,
        "name": "Rick Cichon",
        "email": "esther.corgain@zaamtechno.com",
        "student": "Marcela Sewall"
    },
    {
        "id": 42,
        "name": "Esther Korsgaard",
        "email": "rick.reid-cunningham@zimhattech.com",
        "student": "Rosalina Pindar"
    },
    {
        "id": 43,
        "name": "Brittaney Isome",
        "email": "hilde.korsgaard@quadtech.com",
        "student": "Marcela Pindar"
    },
    {
        "id": 44,
        "name": "Shaunda Vetrovs",
        "email": "denice.rhoades@kintech.com",
        "student": "Yuko Reid-cunningham"
    },
    {
        "id": 45,
        "name": "Marylouise Fredexric",
        "email": "cordell.sheahan@donfase.com",
        "student": "Max Wacquant"
    },
    {
        "id": 46,
        "name": "Ona Isome",
        "email": "nadia.afzal-khan@treefix.com",
        "student": "Shaunda Prichard"
    },
    {
        "id": 47,
        "name": "Judie Chiogna",
        "email": "alex.lipshutz@tantech.com",
        "student": "Rene Prichard"
    },
    {
        "id": 48,
        "name": "Jerold Prichard",
        "email": "sandee.bickmore@y-com.com",
        "student": "Rick Litwin"
    },
    {
        "id": 49,
        "name": "Vincent Perali",
        "email": "brittaney.corgain@doublelab.com",
        "student": "Celestina Fredexric"
    }
]