[
    {
        "id": 0,
        "name": "Georgetta Daboni",
        "school": "Soloity",
        "grade": 4
    },
    {
        "id": 1,
        "name": "Emmitt Corgain",
        "school": "Golden-lane",
        "grade": 1
    },
    {
        "id": 2,
        "name": "Georgetta Vittadini",
        "school": "Howranfase",
        "grade": 5
    },
    {
        "id": 3,
        "name": "Earline Isome",
        "school": "Hare Comics",
        "grade": 10
    },
    {
        "id": 4,
        "name": "Rosalina Corgain",
        "school": "Truetam",
        "grade": 6
    },
    {
        "id": 5,
        "name": "Vincent Margaitis",
        "school": "Zimhattech",
        "grade": 1
    },
    {
        "id": 6,
        "name": "Shella Stanton",
        "school": "biostreet",
        "grade": 9
    },
    {
        "id": 7,
        "name": "Earnestine Perali",
        "school": "Tonruntone",
        "grade": 8
    },
    {
        "id": 8,
        "name": "Shella Neilson",
        "school": "Waredex",
        "grade": 1
    },
    {
        "id": 9,
        "name": "Mindi Lomeli",
        "school": "Soloity",
        "grade": 8
    },
    {
        "id": 10,
        "name": "Felicitas Glover",
        "school": "Soloelectrics",
        "grade": 8
    },
    {
        "id": 11,
        "name": "Rick Chiogna",
        "school": "Opencare",
        "grade": 5
    },
    {
        "id": 12,
        "name": "Lottie Pindar",
        "school": "Biotechi",
        "grade": 10
    },
    {
        "id": 13,
        "name": "Rowena Lubin",
        "school": "Biotechi",
        "grade": 10
    },
    {
        "id": 14,
        "name": "Minnie Afzal-khan",
        "school": "Bamcon",
        "grade": 7
    },
    {
        "id": 15,
        "name": "Harriet Imamoglu",
        "school": "Treefix",
        "grade": 8
    },
    {
        "id": 16,
        "name": "Shella Lipshutz",
        "school": "Treefix",
        "grade": 9
    },
    {
        "id": 17,
        "name": "Judie Landenna",
        "school": "biostreet",
        "grade": 1
    },
    {
        "id": 18,
        "name": "Shella Sewall",
        "school": "Zenhigh",
        "grade": 6
    },
    {
        "id": 19,
        "name": "Claudio Wegman",
        "school": "Finjocane",
        "grade": 1
    },
    {
        "id": 20,
        "name": "Max Prichard",
        "school": "Biotechi",
        "grade": 8
    },
    {
        "id": 21,
        "name": "Jaleesa Bhide",
        "school": "ranlax",
        "grade": 1
    },
    {
        "id": 22,
        "name": "Ona Mango",
        "school": "Movetam",
        "grade": 4
    },
    {
        "id": 23,
        "name": "Harriet Margaitis",
        "school": "Quadtech",
        "grade": 5
    },
    {
        "id": 24,
        "name": "Earnestine Bator",
        "school": "Waredex",
        "grade": 2
    },
    {
        "id": 25,
        "name": "Mindi Dongoski",
        "school": "biostreet",
        "grade": 6
    },
    {
        "id": 26,
        "name": "Lottie Montesquieu",
        "school": "Howranfase",
        "grade": 7
    },
    {
        "id": 27,
        "name": "Rowena Philips",
        "school": "Ventostreet",
        "grade": 2
    },
    {
        "id": 28,
        "name": "Nadia Wacquant",
        "school": "Fasela",
        "grade": 6
    },
    {
        "id": 29,
        "name": "Elizbeth Pindar",
        "school": "Soloelectrics",
        "grade": 4
    },
    {
        "id": 30,
        "name": "Claudio Carder",
        "school": "zonice",
        "grade": 4
    },
    {
        "id": 31,
        "name": "Minnie Schleifer",
        "school": "Quadtech",
        "grade": 5
    },
    {
        "id": 32,
        "name": "Brittaney Pindar",
        "school": "Good-zoom",
        "grade": 7
    },
    {
        "id": 33,
        "name": "Emmitt Seheult",
        "school": "Zoozooplus",
        "grade": 4
    },
    {
        "id": 34,
        "name": "Jennie Schickele",
        "school": "Y-com",
        "grade": 9
    },
    {
        "id": 35,
        "name": "Anabel Levin",
        "school": "Y-com",
        "grade": 8
    },
    {
        "id": 36,
        "name": "Franchesca Chiogna",
        "school": "Tonruntone",
        "grade": 2
    },
    {
        "id": 37,
        "name": "Rene Mango",
        "school": "Zooelectrics",
        "grade": 3
    },
    {
        "id": 38,
        "name": "Max Neilson",
        "school": "Y-com",
        "grade": 3
    },
    {
        "id": 39,
        "name": "Mindi Bhide",
        "school": "Y-com",
        "grade": 9
    },
    {
        "id": 40,
        "name": "Jerold Korsgaard",
        "school": "Zooelectrics",
        "grade": 1
    },
    {
        "id": 41,
        "name": "Shella Lubin",
        "school": "Movetam",
        "grade": 4
    },
    {
        "id": 42,
        "name": "Felicitas Lomeli",
        "school": "Grooveholding",
        "grade": 4
    },
    {
        "id": 43,
        "name": "Sheri Landenna",
        "school": "Funtinin",
        "grade": 10
    },
    {
        "id": 44,
        "name": "Anabel Imamoglu",
        "school": "Funholding",
        "grade": 10
    },
    {
        "id": 45,
        "name": "Denice Fredexric",
        "school": "Keyelectrics",
        "grade": 4
    },
    {
        "id": 46,
        "name": "Dulcie Fredexric",
        "school": "Good-zoom",
        "grade": 9
    },
    {
        "id": 47,
        "name": "Shaunda Schleifer",
        "school": "Tantech",
        "grade": 10
    },
    {
        "id": 48,
        "name": "Sheri Pieraccini",
        "school": "Funholding",
        "grade": 3
    },
    {
        "id": 49,
        "name": "Claudio Stanton",
        "school": "Zoozooplus",
        "grade": 2
    }
]